Any,Codi_Districte,Nom_Districte,Codi_Barri,Nom_Barri,Antiguitat,Nombre_motos
2014,1,Ciutat Vella,1,el Raval,Menys d'un any d'antiguitat,133
2014,1,Ciutat Vella,2,el Barri Gòtic,Menys d'un any d'antiguitat,168
2014,1,Ciutat Vella,3,la Barceloneta,Menys d'un any d'antiguitat,77
2014,1,Ciutat Vella,4,"Sant Pere, Santa Caterina i la Ribera",Menys d'un any d'antiguitat,110
2014,2,Eixample,5,el Fort Pienc,Menys d'un any d'antiguitat,180
2014,2,Eixample,6,la Sagrada Família,Menys d'un any d'antiguitat,320
2014,2,Eixample,7,la Dreta de l'Eixample,Menys d'un any d'antiguitat,464
2014,2,Eixample,8,l'Antiga Esquerra de l'Eixample,Menys d'un any d'antiguitat,406
2014,2,Eixample,9,la Nova Esquerra de l'Eixample,Menys d'un any d'antiguitat,410
2014,2,Eixample,10,Sant Antoni,Menys d'un any d'antiguitat,190
2014,3,Sants-Montjuïc,11,el Poble Sec,Menys d'un any d'antiguitat,167
2014,3,Sants-Montjuïc,12,la Marina del Prat Vermell,Menys d'un any d'antiguitat,11
2014,3,Sants-Montjuïc,13,la Marina de Port,Menys d'un any d'antiguitat,191
2014,3,Sants-Montjuïc,14,la Font de la Guatlla,Menys d'un any d'antiguitat,62
2014,3,Sants-Montjuïc,15,Hostafrancs,Menys d'un any d'antiguitat,74
2014,3,Sants-Montjuïc,16,la Bordeta,Menys d'un any d'antiguitat,105
2014,3,Sants-Montjuïc,17,Sants - Badal,Menys d'un any d'antiguitat,109
2014,3,Sants-Montjuïc,18,Sants,Menys d'un any d'antiguitat,207
2014,4,Les Corts,19,les Corts,Menys d'un any d'antiguitat,363
2014,4,Les Corts,20,la Maternitat i Sant Ramon,Menys d'un any d'antiguitat,179
2014,4,Les Corts,21,Pedralbes,Menys d'un any d'antiguitat,148
2014,5,Sarrià-Sant Gervasi,22,"Vallvidrera, el Tibidabo i les Planes",Menys d'un any d'antiguitat,48
2014,5,Sarrià-Sant Gervasi,23,Sarrià,Menys d'un any d'antiguitat,255
2014,5,Sarrià-Sant Gervasi,24,les Tres Torres,Menys d'un any d'antiguitat,201
2014,5,Sarrià-Sant Gervasi,25,Sant Gervasi - la Bonanova,Menys d'un any d'antiguitat,312
2014,5,Sarrià-Sant Gervasi,26,Sant Gervasi - Galvany,Menys d'un any d'antiguitat,641
2014,5,Sarrià-Sant Gervasi,27,el Putxet i el Farró,Menys d'un any d'antiguitat,269
2014,6,Gràcia,28,Vallcarca i els Penitents,Menys d'un any d'antiguitat,129
2014,6,Gràcia,29,el Coll,Menys d'un any d'antiguitat,60
2014,6,Gràcia,30,la Salut,Menys d'un any d'antiguitat,92
2014,6,Gràcia,31,la Vila de Gràcia,Menys d'un any d'antiguitat,305
2014,6,Gràcia,32,el Camp d'en Grassot i Gràcia Nova,Menys d'un any d'antiguitat,242
2014,7,Horta-Guinardó,33,el Baix Guinardó,Menys d'un any d'antiguitat,159
2014,7,Horta-Guinardó,34,Can Baró,Menys d'un any d'antiguitat,78
2014,7,Horta-Guinardó,35,el Guinardó,Menys d'un any d'antiguitat,204
2014,7,Horta-Guinardó,36,la Font d'en Fargues,Menys d'un any d'antiguitat,76
2014,7,Horta-Guinardó,37,el Carmel,Menys d'un any d'antiguitat,195
2014,7,Horta-Guinardó,38,la Teixonera,Menys d'un any d'antiguitat,80
2014,7,Horta-Guinardó,39,Sant Genís dels Agudells,Menys d'un any d'antiguitat,30
2014,7,Horta-Guinardó,40,Montbau,Menys d'un any d'antiguitat,22
2014,7,Horta-Guinardó,41,la Vall d'Hebron,Menys d'un any d'antiguitat,39
2014,7,Horta-Guinardó,42,la Clota,Menys d'un any d'antiguitat,2
2014,7,Horta-Guinardó,43,Horta,Menys d'un any d'antiguitat,154
2014,8,Nou Barris,44,Vilapicina i la Torre Llobeta,Menys d'un any d'antiguitat,116
2014,8,Nou Barris,45,Porta,Menys d'un any d'antiguitat,100
2014,8,Nou Barris,46,el Turó de la Peira,Menys d'un any d'antiguitat,58
2014,8,Nou Barris,47,Can Peguera,Menys d'un any d'antiguitat,11
2014,8,Nou Barris,48,la Guineueta,Menys d'un any d'antiguitat,62
2014,8,Nou Barris,49,Canyelles,Menys d'un any d'antiguitat,28
2014,8,Nou Barris,50,les Roquetes,Menys d'un any d'antiguitat,50
2014,8,Nou Barris,51,Verdun,Menys d'un any d'antiguitat,41
2014,8,Nou Barris,52,la Prosperitat,Menys d'un any d'antiguitat,108
2014,8,Nou Barris,53,la Trinitat Nova,Menys d'un any d'antiguitat,13
2014,8,Nou Barris,54,Torre Baró,Menys d'un any d'antiguitat,8
2014,8,Nou Barris,55,Ciutat Meridiana,Menys d'un any d'antiguitat,23
2014,8,Nou Barris,56,Vallbona,Menys d'un any d'antiguitat,5
2014,9,Sant Andreu,57,la Trinitat Vella,Menys d'un any d'antiguitat,29
2014,9,Sant Andreu,58,Baró de Viver,Menys d'un any d'antiguitat,11
2014,9,Sant Andreu,59,el Bon Pastor,Menys d'un any d'antiguitat,58
2014,9,Sant Andreu,60,Sant Andreu,Menys d'un any d'antiguitat,294
2014,9,Sant Andreu,61,la Sagrera,Menys d'un any d'antiguitat,134
2014,9,Sant Andreu,62,el Congrés i els Indians,Menys d'un any d'antiguitat,66
2014,9,Sant Andreu,63,Navas,Menys d'un any d'antiguitat,109
2014,10,Sant Martí,64,el Camp de l'Arpa del Clot,Menys d'un any d'antiguitat,182
2014,10,Sant Martí,65,el Clot,Menys d'un any d'antiguitat,146
2014,10,Sant Martí,66,el Parc i la Llacuna del Poblenou,Menys d'un any d'antiguitat,96
2014,10,Sant Martí,67,la Vila Olímpica del Poblenou,Menys d'un any d'antiguitat,77
2014,10,Sant Martí,68,el Poblenou,Menys d'un any d'antiguitat,189
2014,10,Sant Martí,69,Diagonal Mar i el Front Marítim del Poblenou,Menys d'un any d'antiguitat,86
2014,10,Sant Martí,70,el Besòs i el Maresme,Menys d'un any d'antiguitat,64
2014,10,Sant Martí,71,Provençals del Poblenou,Menys d'un any d'antiguitat,128
2014,10,Sant Martí,72,Sant Martí de Provençals,Menys d'un any d'antiguitat,111
2014,10,Sant Martí,73,la Verneda i la Pau,Menys d'un any d'antiguitat,131
2014,99,No consta,99,No consta,Menys d'un any d'antiguitat,15
2014,1,Ciutat Vella,1,el Raval,1 any,118
2014,1,Ciutat Vella,2,el Barri Gòtic,1 any,229
2014,1,Ciutat Vella,3,la Barceloneta,1 any,430
2014,1,Ciutat Vella,4,"Sant Pere, Santa Caterina i la Ribera",1 any,93
2014,2,Eixample,5,el Fort Pienc,1 any,159
2014,2,Eixample,6,la Sagrada Família,1 any,294
2014,2,Eixample,7,la Dreta de l'Eixample,1 any,370
2014,2,Eixample,8,l'Antiga Esquerra de l'Eixample,1 any,330
2014,2,Eixample,9,la Nova Esquerra de l'Eixample,1 any,339
2014,2,Eixample,10,Sant Antoni,1 any,197
2014,3,Sants-Montjuïc,11,el Poble Sec,1 any,141
2014,3,Sants-Montjuïc,12,la Marina del Prat Vermell,1 any,12
2014,3,Sants-Montjuïc,13,la Marina de Port,1 any,161
2014,3,Sants-Montjuïc,14,la Font de la Guatlla,1 any,57
2014,3,Sants-Montjuïc,15,Hostafrancs,1 any,64
2014,3,Sants-Montjuïc,16,la Bordeta,1 any,102
2014,3,Sants-Montjuïc,17,Sants - Badal,1 any,88
2014,3,Sants-Montjuïc,18,Sants,1 any,181
2014,4,Les Corts,19,les Corts,1 any,285
2014,4,Les Corts,20,la Maternitat i Sant Ramon,1 any,162
2014,4,Les Corts,21,Pedralbes,1 any,110
2014,5,Sarrià-Sant Gervasi,22,"Vallvidrera, el Tibidabo i les Planes",1 any,31
2014,5,Sarrià-Sant Gervasi,23,Sarrià,1 any,218
2014,5,Sarrià-Sant Gervasi,24,les Tres Torres,1 any,179
2014,5,Sarrià-Sant Gervasi,25,Sant Gervasi - la Bonanova,1 any,299
2014,5,Sarrià-Sant Gervasi,26,Sant Gervasi - Galvany,1 any,573
2014,5,Sarrià-Sant Gervasi,27,el Putxet i el Farró,1 any,240
2014,6,Gràcia,28,Vallcarca i els Penitents,1 any,112
2014,6,Gràcia,29,el Coll,1 any,59
2014,6,Gràcia,30,la Salut,1 any,86
2014,6,Gràcia,31,la Vila de Gràcia,1 any,282
2014,6,Gràcia,32,el Camp d'en Grassot i Gràcia Nova,1 any,209
2014,7,Horta-Guinardó,33,el Baix Guinardó,1 any,138
2014,7,Horta-Guinardó,34,Can Baró,1 any,57
2014,7,Horta-Guinardó,35,el Guinardó,1 any,168
2014,7,Horta-Guinardó,36,la Font d'en Fargues,1 any,78
2014,7,Horta-Guinardó,37,el Carmel,1 any,151
2014,7,Horta-Guinardó,38,la Teixonera,1 any,75
2014,7,Horta-Guinardó,39,Sant Genís dels Agudells,1 any,31
2014,7,Horta-Guinardó,40,Montbau,1 any,34
2014,7,Horta-Guinardó,41,la Vall d'Hebron,1 any,20
2014,7,Horta-Guinardó,42,la Clota,1 any,2
2014,7,Horta-Guinardó,43,Horta,1 any,140
2014,8,Nou Barris,44,Vilapicina i la Torre Llobeta,1 any,109
2014,8,Nou Barris,45,Porta,1 any,84
2014,8,Nou Barris,46,el Turó de la Peira,1 any,39
2014,8,Nou Barris,47,Can Peguera,1 any,7
2014,8,Nou Barris,48,la Guineueta,1 any,51
2014,8,Nou Barris,49,Canyelles,1 any,30
2014,8,Nou Barris,50,les Roquetes,1 any,41
2014,8,Nou Barris,51,Verdun,1 any,39
2014,8,Nou Barris,52,la Prosperitat,1 any,83
2014,8,Nou Barris,53,la Trinitat Nova,1 any,16
2014,8,Nou Barris,54,Torre Baró,1 any,11
2014,8,Nou Barris,55,Ciutat Meridiana,1 any,13
2014,8,Nou Barris,56,Vallbona,1 any,4
2014,9,Sant Andreu,57,la Trinitat Vella,1 any,31
2014,9,Sant Andreu,58,Baró de Viver,1 any,4
2014,9,Sant Andreu,59,el Bon Pastor,1 any,51
2014,9,Sant Andreu,60,Sant Andreu,1 any,260
2014,9,Sant Andreu,61,la Sagrera,1 any,100
2014,9,Sant Andreu,62,el Congrés i els Indians,1 any,50
2014,9,Sant Andreu,63,Navas,1 any,118
2014,10,Sant Martí,64,el Camp de l'Arpa del Clot,1 any,183
2014,10,Sant Martí,65,el Clot,1 any,113
2014,10,Sant Martí,66,el Parc i la Llacuna del Poblenou,1 any,92
2014,10,Sant Martí,67,la Vila Olímpica del Poblenou,1 any,63
2014,10,Sant Martí,68,el Poblenou,1 any,143
2014,10,Sant Martí,69,Diagonal Mar i el Front Marítim del Poblenou,1 any,78
2014,10,Sant Martí,70,el Besòs i el Maresme,1 any,47
2014,10,Sant Martí,71,Provençals del Poblenou,1 any,120
2014,10,Sant Martí,72,Sant Martí de Provençals,1 any,116
2014,10,Sant Martí,73,la Verneda i la Pau,1 any,103
2014,99,No consta,99,No consta,1 any,8
2014,1,Ciutat Vella,1,el Raval,2 anys,161
2014,1,Ciutat Vella,2,el Barri Gòtic,2 anys,283
2014,1,Ciutat Vella,3,la Barceloneta,2 anys,67
2014,1,Ciutat Vella,4,"Sant Pere, Santa Caterina i la Ribera",2 anys,106
2014,2,Eixample,5,el Fort Pienc,2 anys,188
2014,2,Eixample,6,la Sagrada Família,2 anys,281
2014,2,Eixample,7,la Dreta de l'Eixample,2 anys,356
2014,2,Eixample,8,l'Antiga Esquerra de l'Eixample,2 anys,340
2014,2,Eixample,9,la Nova Esquerra de l'Eixample,2 anys,363
2014,2,Eixample,10,Sant Antoni,2 anys,172
2014,3,Sants-Montjuïc,11,el Poble Sec,2 anys,151
2014,3,Sants-Montjuïc,12,la Marina del Prat Vermell,2 anys,19
2014,3,Sants-Montjuïc,13,la Marina de Port,2 anys,151
2014,3,Sants-Montjuïc,14,la Font de la Guatlla,2 anys,47
2014,3,Sants-Montjuïc,15,Hostafrancs,2 anys,72
2014,3,Sants-Montjuïc,16,la Bordeta,2 anys,87
2014,3,Sants-Montjuïc,17,Sants - Badal,2 anys,109
2014,3,Sants-Montjuïc,18,Sants,2 anys,200
2014,4,Les Corts,19,les Corts,2 anys,315
2014,4,Les Corts,20,la Maternitat i Sant Ramon,2 anys,165
2014,4,Les Corts,21,Pedralbes,2 anys,118
2014,5,Sarrià-Sant Gervasi,22,"Vallvidrera, el Tibidabo i les Planes",2 anys,38
2014,5,Sarrià-Sant Gervasi,23,Sarrià,2 anys,242
2014,5,Sarrià-Sant Gervasi,24,les Tres Torres,2 anys,178
2014,5,Sarrià-Sant Gervasi,25,Sant Gervasi - la Bonanova,2 anys,257
2014,5,Sarrià-Sant Gervasi,26,Sant Gervasi - Galvany,2 anys,574
2014,5,Sarrià-Sant Gervasi,27,el Putxet i el Farró,2 anys,281
2014,6,Gràcia,28,Vallcarca i els Penitents,2 anys,108
2014,6,Gràcia,29,el Coll,2 anys,48
2014,6,Gràcia,30,la Salut,2 anys,80
2014,6,Gràcia,31,la Vila de Gràcia,2 anys,300
2014,6,Gràcia,32,el Camp d'en Grassot i Gràcia Nova,2 anys,197
2014,7,Horta-Guinardó,33,el Baix Guinardó,2 anys,157
2014,7,Horta-Guinardó,34,Can Baró,2 anys,59
2014,7,Horta-Guinardó,35,el Guinardó,2 anys,167
2014,7,Horta-Guinardó,36,la Font d'en Fargues,2 anys,78
2014,7,Horta-Guinardó,37,el Carmel,2 anys,170
2014,7,Horta-Guinardó,38,la Teixonera,2 anys,54
2014,7,Horta-Guinardó,39,Sant Genís dels Agudells,2 anys,23
2014,7,Horta-Guinardó,40,Montbau,2 anys,22
2014,7,Horta-Guinardó,41,la Vall d'Hebron,2 anys,22
2014,7,Horta-Guinardó,42,la Clota,2 anys,0
2014,7,Horta-Guinardó,43,Horta,2 anys,146
2014,8,Nou Barris,44,Vilapicina i la Torre Llobeta,2 anys,127
2014,8,Nou Barris,45,Porta,2 anys,90
2014,8,Nou Barris,46,el Turó de la Peira,2 anys,42
2014,8,Nou Barris,47,Can Peguera,2 anys,9
2014,8,Nou Barris,48,la Guineueta,2 anys,65
2014,8,Nou Barris,49,Canyelles,2 anys,30
2014,8,Nou Barris,50,les Roquetes,2 anys,39
2014,8,Nou Barris,51,Verdun,2 anys,36
2014,8,Nou Barris,52,la Prosperitat,2 anys,103
2014,8,Nou Barris,53,la Trinitat Nova,2 anys,15
2014,8,Nou Barris,54,Torre Baró,2 anys,8
2014,8,Nou Barris,55,Ciutat Meridiana,2 anys,17
2014,8,Nou Barris,56,Vallbona,2 anys,4
2014,9,Sant Andreu,57,la Trinitat Vella,2 anys,27
2014,9,Sant Andreu,58,Baró de Viver,2 anys,4
2014,9,Sant Andreu,59,el Bon Pastor,2 anys,51
2014,9,Sant Andreu,60,Sant Andreu,2 anys,274
2014,9,Sant Andreu,61,la Sagrera,2 anys,132
2014,9,Sant Andreu,62,el Congrés i els Indians,2 anys,60
2014,9,Sant Andreu,63,Navas,2 anys,93
2014,10,Sant Martí,64,el Camp de l'Arpa del Clot,2 anys,202
2014,10,Sant Martí,65,el Clot,2 anys,127
2014,10,Sant Martí,66,el Parc i la Llacuna del Poblenou,2 anys,70
2014,10,Sant Martí,67,la Vila Olímpica del Poblenou,2 anys,70
2014,10,Sant Martí,68,el Poblenou,2 anys,171
2014,10,Sant Martí,69,Diagonal Mar i el Front Marítim del Poblenou,2 anys,103
2014,10,Sant Martí,70,el Besòs i el Maresme,2 anys,54
2014,10,Sant Martí,71,Provençals del Poblenou,2 anys,102
2014,10,Sant Martí,72,Sant Martí de Provençals,2 anys,124
2014,10,Sant Martí,73,la Verneda i la Pau,2 anys,94
2014,99,No consta,99,No consta,2 anys,6
2014,1,Ciutat Vella,1,el Raval,3 anys,151
2014,1,Ciutat Vella,2,el Barri Gòtic,3 anys,329
2014,1,Ciutat Vella,3,la Barceloneta,3 anys,182
2014,1,Ciutat Vella,4,"Sant Pere, Santa Caterina i la Ribera",3 anys,86
2014,2,Eixample,5,el Fort Pienc,3 anys,185
2014,2,Eixample,6,la Sagrada Família,3 anys,361
2014,2,Eixample,7,la Dreta de l'Eixample,3 anys,430
2014,2,Eixample,8,l'Antiga Esquerra de l'Eixample,3 anys,347
2014,2,Eixample,9,la Nova Esquerra de l'Eixample,3 anys,423
2014,2,Eixample,10,Sant Antoni,3 anys,235
2014,3,Sants-Montjuïc,11,el Poble Sec,3 anys,212
2014,3,Sants-Montjuïc,12,la Marina del Prat Vermell,3 anys,8
2014,3,Sants-Montjuïc,13,la Marina de Port,3 anys,191
2014,3,Sants-Montjuïc,14,la Font de la Guatlla,3 anys,60
2014,3,Sants-Montjuïc,15,Hostafrancs,3 anys,72
2014,3,Sants-Montjuïc,16,la Bordeta,3 anys,78
2014,3,Sants-Montjuïc,17,Sants - Badal,3 anys,128
2014,3,Sants-Montjuïc,18,Sants,3 anys,227
2014,4,Les Corts,19,les Corts,3 anys,385
2014,4,Les Corts,20,la Maternitat i Sant Ramon,3 anys,197
2014,4,Les Corts,21,Pedralbes,3 anys,140
2014,5,Sarrià-Sant Gervasi,22,"Vallvidrera, el Tibidabo i les Planes",3 anys,37
2014,5,Sarrià-Sant Gervasi,23,Sarrià,3 anys,260
2014,5,Sarrià-Sant Gervasi,24,les Tres Torres,3 anys,207
2014,5,Sarrià-Sant Gervasi,25,Sant Gervasi - la Bonanova,3 anys,280
2014,5,Sarrià-Sant Gervasi,26,Sant Gervasi - Galvany,3 anys,559
2014,5,Sarrià-Sant Gervasi,27,el Putxet i el Farró,3 anys,268
2014,6,Gràcia,28,Vallcarca i els Penitents,3 anys,146
2014,6,Gràcia,29,el Coll,3 anys,67
2014,6,Gràcia,30,la Salut,3 anys,105
2014,6,Gràcia,31,la Vila de Gràcia,3 anys,308
2014,6,Gràcia,32,el Camp d'en Grassot i Gràcia Nova,3 anys,262
2014,7,Horta-Guinardó,33,el Baix Guinardó,3 anys,176
2014,7,Horta-Guinardó,34,Can Baró,3 anys,63
2014,7,Horta-Guinardó,35,el Guinardó,3 anys,209
2014,7,Horta-Guinardó,36,la Font d'en Fargues,3 anys,101
2014,7,Horta-Guinardó,37,el Carmel,3 anys,179
2014,7,Horta-Guinardó,38,la Teixonera,3 anys,94
2014,7,Horta-Guinardó,39,Sant Genís dels Agudells,3 anys,40
2014,7,Horta-Guinardó,40,Montbau,3 anys,22
2014,7,Horta-Guinardó,41,la Vall d'Hebron,3 anys,41
2014,7,Horta-Guinardó,42,la Clota,3 anys,5
2014,7,Horta-Guinardó,43,Horta,3 anys,164
2014,8,Nou Barris,44,Vilapicina i la Torre Llobeta,3 anys,131
2014,8,Nou Barris,45,Porta,3 anys,97
2014,8,Nou Barris,46,el Turó de la Peira,3 anys,51
2014,8,Nou Barris,47,Can Peguera,3 anys,10
2014,8,Nou Barris,48,la Guineueta,3 anys,57
2014,8,Nou Barris,49,Canyelles,3 anys,30
2014,8,Nou Barris,50,les Roquetes,3 anys,56
2014,8,Nou Barris,51,Verdun,3 anys,44
2014,8,Nou Barris,52,la Prosperitat,3 anys,104
2014,8,Nou Barris,53,la Trinitat Nova,3 anys,11
2014,8,Nou Barris,54,Torre Baró,3 anys,2
2014,8,Nou Barris,55,Ciutat Meridiana,3 anys,16
2014,8,Nou Barris,56,Vallbona,3 anys,3
2014,9,Sant Andreu,57,la Trinitat Vella,3 anys,36
2014,9,Sant Andreu,58,Baró de Viver,3 anys,7
2014,9,Sant Andreu,59,el Bon Pastor,3 anys,64
2014,9,Sant Andreu,60,Sant Andreu,3 anys,292
2014,9,Sant Andreu,61,la Sagrera,3 anys,137
2014,9,Sant Andreu,62,el Congrés i els Indians,3 anys,70
2014,9,Sant Andreu,63,Navas,3 anys,105
2014,10,Sant Martí,64,el Camp de l'Arpa del Clot,3 anys,206
2014,10,Sant Martí,65,el Clot,3 anys,150
2014,10,Sant Martí,66,el Parc i la Llacuna del Poblenou,3 anys,82
2014,10,Sant Martí,67,la Vila Olímpica del Poblenou,3 anys,83
2014,10,Sant Martí,68,el Poblenou,3 anys,200
2014,10,Sant Martí,69,Diagonal Mar i el Front Marítim del Poblenou,3 anys,89
2014,10,Sant Martí,70,el Besòs i el Maresme,3 anys,65
2014,10,Sant Martí,71,Provençals del Poblenou,3 anys,103
2014,10,Sant Martí,72,Sant Martí de Provençals,3 anys,108
2014,10,Sant Martí,73,la Verneda i la Pau,3 anys,112
2014,99,No consta,99,No consta,3 anys,7
2014,1,Ciutat Vella,1,el Raval,4 anys,152
2014,1,Ciutat Vella,2,el Barri Gòtic,4 anys,315
2014,1,Ciutat Vella,3,la Barceloneta,4 anys,132
2014,1,Ciutat Vella,4,"Sant Pere, Santa Caterina i la Ribera",4 anys,126
2014,2,Eixample,5,el Fort Pienc,4 anys,234
2014,2,Eixample,6,la Sagrada Família,4 anys,445
2014,2,Eixample,7,la Dreta de l'Eixample,4 anys,488
2014,2,Eixample,8,l'Antiga Esquerra de l'Eixample,4 anys,440
2014,2,Eixample,9,la Nova Esquerra de l'Eixample,4 anys,540
2014,2,Eixample,10,Sant Antoni,4 anys,281
2014,3,Sants-Montjuïc,11,el Poble Sec,4 anys,245
2014,3,Sants-Montjuïc,12,la Marina del Prat Vermell,4 anys,31
2014,3,Sants-Montjuïc,13,la Marina de Port,4 anys,199
2014,3,Sants-Montjuïc,14,la Font de la Guatlla,4 anys,70
2014,3,Sants-Montjuïc,15,Hostafrancs,4 anys,101
2014,3,Sants-Montjuïc,16,la Bordeta,4 anys,140
2014,3,Sants-Montjuïc,17,Sants - Badal,4 anys,168
2014,3,Sants-Montjuïc,18,Sants,4 anys,326
2014,4,Les Corts,19,les Corts,4 anys,456
2014,4,Les Corts,20,la Maternitat i Sant Ramon,4 anys,247
2014,4,Les Corts,21,Pedralbes,4 anys,187
2014,5,Sarrià-Sant Gervasi,22,"Vallvidrera, el Tibidabo i les Planes",4 anys,61
2014,5,Sarrià-Sant Gervasi,23,Sarrià,4 anys,395
2014,5,Sarrià-Sant Gervasi,24,les Tres Torres,4 anys,282
2014,5,Sarrià-Sant Gervasi,25,Sant Gervasi - la Bonanova,4 anys,353
2014,5,Sarrià-Sant Gervasi,26,Sant Gervasi - Galvany,4 anys,794
2014,5,Sarrià-Sant Gervasi,27,el Putxet i el Farró,4 anys,360
2014,6,Gràcia,28,Vallcarca i els Penitents,4 anys,174
2014,6,Gràcia,29,el Coll,4 anys,71
2014,6,Gràcia,30,la Salut,4 anys,163
2014,6,Gràcia,31,la Vila de Gràcia,4 anys,445
2014,6,Gràcia,32,el Camp d'en Grassot i Gràcia Nova,4 anys,304
2014,7,Horta-Guinardó,33,el Baix Guinardó,4 anys,234
2014,7,Horta-Guinardó,34,Can Baró,4 anys,95
2014,7,Horta-Guinardó,35,el Guinardó,4 anys,274
2014,7,Horta-Guinardó,36,la Font d'en Fargues,4 anys,127
2014,7,Horta-Guinardó,37,el Carmel,4 anys,242
2014,7,Horta-Guinardó,38,la Teixonera,4 anys,95
2014,7,Horta-Guinardó,39,Sant Genís dels Agudells,4 anys,46
2014,7,Horta-Guinardó,40,Montbau,4 anys,32
2014,7,Horta-Guinardó,41,la Vall d'Hebron,4 anys,30
2014,7,Horta-Guinardó,42,la Clota,4 anys,2
2014,7,Horta-Guinardó,43,Horta,4 anys,210
2014,8,Nou Barris,44,Vilapicina i la Torre Llobeta,4 anys,160
2014,8,Nou Barris,45,Porta,4 anys,146
2014,8,Nou Barris,46,el Turó de la Peira,4 anys,78
2014,8,Nou Barris,47,Can Peguera,4 anys,11
2014,8,Nou Barris,48,la Guineueta,4 anys,73
2014,8,Nou Barris,49,Canyelles,4 anys,42
2014,8,Nou Barris,50,les Roquetes,4 anys,72
2014,8,Nou Barris,51,Verdun,4 anys,55
2014,8,Nou Barris,52,la Prosperitat,4 anys,146
2014,8,Nou Barris,53,la Trinitat Nova,4 anys,21
2014,8,Nou Barris,54,Torre Baró,4 anys,9
2014,8,Nou Barris,55,Ciutat Meridiana,4 anys,27
2014,8,Nou Barris,56,Vallbona,4 anys,3
2014,9,Sant Andreu,57,la Trinitat Vella,4 anys,25
2014,9,Sant Andreu,58,Baró de Viver,4 anys,18
2014,9,Sant Andreu,59,el Bon Pastor,4 anys,53
2014,9,Sant Andreu,60,Sant Andreu,4 anys,378
2014,9,Sant Andreu,61,la Sagrera,4 anys,191
2014,9,Sant Andreu,62,el Congrés i els Indians,4 anys,99
2014,9,Sant Andreu,63,Navas,4 anys,173
2014,10,Sant Martí,64,el Camp de l'Arpa del Clot,4 anys,244
2014,10,Sant Martí,65,el Clot,4 anys,200
2014,10,Sant Martí,66,el Parc i la Llacuna del Poblenou,4 anys,122
2014,10,Sant Martí,67,la Vila Olímpica del Poblenou,4 anys,99
2014,10,Sant Martí,68,el Poblenou,4 anys,258
2014,10,Sant Martí,69,Diagonal Mar i el Front Marítim del Poblenou,4 anys,102
2014,10,Sant Martí,70,el Besòs i el Maresme,4 anys,75
2014,10,Sant Martí,71,Provençals del Poblenou,4 anys,160
2014,10,Sant Martí,72,Sant Martí de Provençals,4 anys,138
2014,10,Sant Martí,73,la Verneda i la Pau,4 anys,140
2014,99,No consta,99,No consta,4 anys,8
2014,1,Ciutat Vella,1,el Raval,5 anys,125
2014,1,Ciutat Vella,2,el Barri Gòtic,5 anys,344
2014,1,Ciutat Vella,3,la Barceloneta,5 anys,84
2014,1,Ciutat Vella,4,"Sant Pere, Santa Caterina i la Ribera",5 anys,127
2014,2,Eixample,5,el Fort Pienc,5 anys,219
2014,2,Eixample,6,la Sagrada Família,5 anys,362
2014,2,Eixample,7,la Dreta de l'Eixample,5 anys,433
2014,2,Eixample,8,l'Antiga Esquerra de l'Eixample,5 anys,351
2014,2,Eixample,9,la Nova Esquerra de l'Eixample,5 anys,476
2014,2,Eixample,10,Sant Antoni,5 anys,227
2014,3,Sants-Montjuïc,11,el Poble Sec,5 anys,216
2014,3,Sants-Montjuïc,12,la Marina del Prat Vermell,5 anys,44
2014,3,Sants-Montjuïc,13,la Marina de Port,5 anys,182
2014,3,Sants-Montjuïc,14,la Font de la Guatlla,5 anys,63
2014,3,Sants-Montjuïc,15,Hostafrancs,5 anys,80
2014,3,Sants-Montjuïc,16,la Bordeta,5 anys,136
2014,3,Sants-Montjuïc,17,Sants - Badal,5 anys,108
2014,3,Sants-Montjuïc,18,Sants,5 anys,282
2014,4,Les Corts,19,les Corts,5 anys,410
2014,4,Les Corts,20,la Maternitat i Sant Ramon,5 anys,215
2014,4,Les Corts,21,Pedralbes,5 anys,173
2014,5,Sarrià-Sant Gervasi,22,"Vallvidrera, el Tibidabo i les Planes",5 anys,27
2014,5,Sarrià-Sant Gervasi,23,Sarrià,5 anys,294
2014,5,Sarrià-Sant Gervasi,24,les Tres Torres,5 anys,211
2014,5,Sarrià-Sant Gervasi,25,Sant Gervasi - la Bonanova,5 anys,323
2014,5,Sarrià-Sant Gervasi,26,Sant Gervasi - Galvany,5 anys,618
2014,5,Sarrià-Sant Gervasi,27,el Putxet i el Farró,5 anys,322
2014,6,Gràcia,28,Vallcarca i els Penitents,5 anys,139
2014,6,Gràcia,29,el Coll,5 anys,75
2014,6,Gràcia,30,la Salut,5 anys,125
2014,6,Gràcia,31,la Vila de Gràcia,5 anys,410
2014,6,Gràcia,32,el Camp d'en Grassot i Gràcia Nova,5 anys,319
2014,7,Horta-Guinardó,33,el Baix Guinardó,5 anys,191
2014,7,Horta-Guinardó,34,Can Baró,5 anys,101
2014,7,Horta-Guinardó,35,el Guinardó,5 anys,261
2014,7,Horta-Guinardó,36,la Font d'en Fargues,5 anys,105
2014,7,Horta-Guinardó,37,el Carmel,5 anys,233
2014,7,Horta-Guinardó,38,la Teixonera,5 anys,102
2014,7,Horta-Guinardó,39,Sant Genís dels Agudells,5 anys,40
2014,7,Horta-Guinardó,40,Montbau,5 anys,31
2014,7,Horta-Guinardó,41,la Vall d'Hebron,5 anys,44
2014,7,Horta-Guinardó,42,la Clota,5 anys,8
2014,7,Horta-Guinardó,43,Horta,5 anys,209
2014,8,Nou Barris,44,Vilapicina i la Torre Llobeta,5 anys,125
2014,8,Nou Barris,45,Porta,5 anys,105
2014,8,Nou Barris,46,el Turó de la Peira,5 anys,62
2014,8,Nou Barris,47,Can Peguera,5 anys,7
2014,8,Nou Barris,48,la Guineueta,5 anys,86
2014,8,Nou Barris,49,Canyelles,5 anys,32
2014,8,Nou Barris,50,les Roquetes,5 anys,63
2014,8,Nou Barris,51,Verdun,5 anys,44
2014,8,Nou Barris,52,la Prosperitat,5 anys,136
2014,8,Nou Barris,53,la Trinitat Nova,5 anys,24
2014,8,Nou Barris,54,Torre Baró,5 anys,7
2014,8,Nou Barris,55,Ciutat Meridiana,5 anys,22
2014,8,Nou Barris,56,Vallbona,5 anys,6
2014,9,Sant Andreu,57,la Trinitat Vella,5 anys,26
2014,9,Sant Andreu,58,Baró de Viver,5 anys,3
2014,9,Sant Andreu,59,el Bon Pastor,5 anys,57
2014,9,Sant Andreu,60,Sant Andreu,5 anys,336
2014,9,Sant Andreu,61,la Sagrera,5 anys,171
2014,9,Sant Andreu,62,el Congrés i els Indians,5 anys,78
2014,9,Sant Andreu,63,Navas,5 anys,151
2014,10,Sant Martí,64,el Camp de l'Arpa del Clot,5 anys,265
2014,10,Sant Martí,65,el Clot,5 anys,185
2014,10,Sant Martí,66,el Parc i la Llacuna del Poblenou,5 anys,93
2014,10,Sant Martí,67,la Vila Olímpica del Poblenou,5 anys,82
2014,10,Sant Martí,68,el Poblenou,5 anys,207
2014,10,Sant Martí,69,Diagonal Mar i el Front Marítim del Poblenou,5 anys,104
2014,10,Sant Martí,70,el Besòs i el Maresme,5 anys,84
2014,10,Sant Martí,71,Provençals del Poblenou,5 anys,129
2014,10,Sant Martí,72,Sant Martí de Provençals,5 anys,152
2014,10,Sant Martí,73,la Verneda i la Pau,5 anys,145
2014,99,No consta,99,No consta,5 anys,9
2014,1,Ciutat Vella,1,el Raval,6 anys,180
2014,1,Ciutat Vella,2,el Barri Gòtic,6 anys,358
2014,1,Ciutat Vella,3,la Barceloneta,6 anys,125
2014,1,Ciutat Vella,4,"Sant Pere, Santa Caterina i la Ribera",6 anys,145
2014,2,Eixample,5,el Fort Pienc,6 anys,260
2014,2,Eixample,6,la Sagrada Família,6 anys,429
2014,2,Eixample,7,la Dreta de l'Eixample,6 anys,532
2014,2,Eixample,8,l'Antiga Esquerra de l'Eixample,6 anys,458
2014,2,Eixample,9,la Nova Esquerra de l'Eixample,6 anys,590
2014,2,Eixample,10,Sant Antoni,6 anys,330
2014,3,Sants-Montjuïc,11,el Poble Sec,6 anys,250
2014,3,Sants-Montjuïc,12,la Marina del Prat Vermell,6 anys,51
2014,3,Sants-Montjuïc,13,la Marina de Port,6 anys,220
2014,3,Sants-Montjuïc,14,la Font de la Guatlla,6 anys,92
2014,3,Sants-Montjuïc,15,Hostafrancs,6 anys,146
2014,3,Sants-Montjuïc,16,la Bordeta,6 anys,166
2014,3,Sants-Montjuïc,17,Sants - Badal,6 anys,165
2014,3,Sants-Montjuïc,18,Sants,6 anys,314
2014,4,Les Corts,19,les Corts,6 anys,541
2014,4,Les Corts,20,la Maternitat i Sant Ramon,6 anys,262
2014,4,Les Corts,21,Pedralbes,6 anys,173
2014,5,Sarrià-Sant Gervasi,22,"Vallvidrera, el Tibidabo i les Planes",6 anys,54
2014,5,Sarrià-Sant Gervasi,23,Sarrià,6 anys,316
2014,5,Sarrià-Sant Gervasi,24,les Tres Torres,6 anys,268
2014,5,Sarrià-Sant Gervasi,25,Sant Gervasi - la Bonanova,6 anys,414
2014,5,Sarrià-Sant Gervasi,26,Sant Gervasi - Galvany,6 anys,820
2014,5,Sarrià-Sant Gervasi,27,el Putxet i el Farró,6 anys,408
2014,6,Gràcia,28,Vallcarca i els Penitents,6 anys,184
2014,6,Gràcia,29,el Coll,6 anys,100
2014,6,Gràcia,30,la Salut,6 anys,155
2014,6,Gràcia,31,la Vila de Gràcia,6 anys,504
2014,6,Gràcia,32,el Camp d'en Grassot i Gràcia Nova,6 anys,347
2014,7,Horta-Guinardó,33,el Baix Guinardó,6 anys,216
2014,7,Horta-Guinardó,34,Can Baró,6 anys,97
2014,7,Horta-Guinardó,35,el Guinardó,6 anys,300
2014,7,Horta-Guinardó,36,la Font d'en Fargues,6 anys,143
2014,7,Horta-Guinardó,37,el Carmel,6 anys,296
2014,7,Horta-Guinardó,38,la Teixonera,6 anys,92
2014,7,Horta-Guinardó,39,Sant Genís dels Agudells,6 anys,73
2014,7,Horta-Guinardó,40,Montbau,6 anys,38
2014,7,Horta-Guinardó,41,la Vall d'Hebron,6 anys,56
2014,7,Horta-Guinardó,42,la Clota,6 anys,3
2014,7,Horta-Guinardó,43,Horta,6 anys,213
2014,8,Nou Barris,44,Vilapicina i la Torre Llobeta,6 anys,192
2014,8,Nou Barris,45,Porta,6 anys,150
2014,8,Nou Barris,46,el Turó de la Peira,6 anys,83
2014,8,Nou Barris,47,Can Peguera,6 anys,21
2014,8,Nou Barris,48,la Guineueta,6 anys,112
2014,8,Nou Barris,49,Canyelles,6 anys,58
2014,8,Nou Barris,50,les Roquetes,6 anys,79
2014,8,Nou Barris,51,Verdun,6 anys,60
2014,8,Nou Barris,52,la Prosperitat,6 anys,167
2014,8,Nou Barris,53,la Trinitat Nova,6 anys,33
2014,8,Nou Barris,54,Torre Baró,6 anys,10
2014,8,Nou Barris,55,Ciutat Meridiana,6 anys,33
2014,8,Nou Barris,56,Vallbona,6 anys,12
2014,9,Sant Andreu,57,la Trinitat Vella,6 anys,65
2014,9,Sant Andreu,58,Baró de Viver,6 anys,21
2014,9,Sant Andreu,59,el Bon Pastor,6 anys,91
2014,9,Sant Andreu,60,Sant Andreu,6 anys,402
2014,9,Sant Andreu,61,la Sagrera,6 anys,184
2014,9,Sant Andreu,62,el Congrés i els Indians,6 anys,111
2014,9,Sant Andreu,63,Navas,6 anys,167
2014,10,Sant Martí,64,el Camp de l'Arpa del Clot,6 anys,313
2014,10,Sant Martí,65,el Clot,6 anys,228
2014,10,Sant Martí,66,el Parc i la Llacuna del Poblenou,6 anys,118
2014,10,Sant Martí,67,la Vila Olímpica del Poblenou,6 anys,99
2014,10,Sant Martí,68,el Poblenou,6 anys,238
2014,10,Sant Martí,69,Diagonal Mar i el Front Marítim del Poblenou,6 anys,112
2014,10,Sant Martí,70,el Besòs i el Maresme,6 anys,82
2014,10,Sant Martí,71,Provençals del Poblenou,6 anys,150
2014,10,Sant Martí,72,Sant Martí de Provençals,6 anys,144
2014,10,Sant Martí,73,la Verneda i la Pau,6 anys,165
2014,99,No consta,99,No consta,6 anys,16
2014,1,Ciutat Vella,1,el Raval,7 anys,230
2014,1,Ciutat Vella,2,el Barri Gòtic,7 anys,749
2014,1,Ciutat Vella,3,la Barceloneta,7 anys,163
2014,1,Ciutat Vella,4,"Sant Pere, Santa Caterina i la Ribera",7 anys,206
2014,2,Eixample,5,el Fort Pienc,7 anys,307
2014,2,Eixample,6,la Sagrada Família,7 anys,504
2014,2,Eixample,7,la Dreta de l'Eixample,7 anys,614
2014,2,Eixample,8,l'Antiga Esquerra de l'Eixample,7 anys,532
2014,2,Eixample,9,la Nova Esquerra de l'Eixample,7 anys,686
2014,2,Eixample,10,Sant Antoni,7 anys,382
2014,3,Sants-Montjuïc,11,el Poble Sec,7 anys,317
2014,3,Sants-Montjuïc,12,la Marina del Prat Vermell,7 anys,28
2014,3,Sants-Montjuïc,13,la Marina de Port,7 anys,266
2014,3,Sants-Montjuïc,14,la Font de la Guatlla,7 anys,110
2014,3,Sants-Montjuïc,15,Hostafrancs,7 anys,131
2014,3,Sants-Montjuïc,16,la Bordeta,7 anys,179
2014,3,Sants-Montjuïc,17,Sants - Badal,7 anys,255
2014,3,Sants-Montjuïc,18,Sants,7 anys,408
2014,4,Les Corts,19,les Corts,7 anys,614
2014,4,Les Corts,20,la Maternitat i Sant Ramon,7 anys,319
2014,4,Les Corts,21,Pedralbes,7 anys,207
2014,5,Sarrià-Sant Gervasi,22,"Vallvidrera, el Tibidabo i les Planes",7 anys,70
2014,5,Sarrià-Sant Gervasi,23,Sarrià,7 anys,431
2014,5,Sarrià-Sant Gervasi,24,les Tres Torres,7 anys,328
2014,5,Sarrià-Sant Gervasi,25,Sant Gervasi - la Bonanova,7 anys,473
2014,5,Sarrià-Sant Gervasi,26,Sant Gervasi - Galvany,7 anys,955
2014,5,Sarrià-Sant Gervasi,27,el Putxet i el Farró,7 anys,476
2014,6,Gràcia,28,Vallcarca i els Penitents,7 anys,206
2014,6,Gràcia,29,el Coll,7 anys,111
2014,6,Gràcia,30,la Salut,7 anys,185
2014,6,Gràcia,31,la Vila de Gràcia,7 anys,519
2014,6,Gràcia,32,el Camp d'en Grassot i Gràcia Nova,7 anys,457
2014,7,Horta-Guinardó,33,el Baix Guinardó,7 anys,262
2014,7,Horta-Guinardó,34,Can Baró,7 anys,121
2014,7,Horta-Guinardó,35,el Guinardó,7 anys,371
2014,7,Horta-Guinardó,36,la Font d'en Fargues,7 anys,145
2014,7,Horta-Guinardó,37,el Carmel,7 anys,369
2014,7,Horta-Guinardó,38,la Teixonera,7 anys,124
2014,7,Horta-Guinardó,39,Sant Genís dels Agudells,7 anys,72
2014,7,Horta-Guinardó,40,Montbau,7 anys,43
2014,7,Horta-Guinardó,41,la Vall d'Hebron,7 anys,48
2014,7,Horta-Guinardó,42,la Clota,7 anys,7
2014,7,Horta-Guinardó,43,Horta,7 anys,268
2014,8,Nou Barris,44,Vilapicina i la Torre Llobeta,7 anys,206
2014,8,Nou Barris,45,Porta,7 anys,177
2014,8,Nou Barris,46,el Turó de la Peira,7 anys,86
2014,8,Nou Barris,47,Can Peguera,7 anys,18
2014,8,Nou Barris,48,la Guineueta,7 anys,120
2014,8,Nou Barris,49,Canyelles,7 anys,51
2014,8,Nou Barris,50,les Roquetes,7 anys,95
2014,8,Nou Barris,51,Verdun,7 anys,69
2014,8,Nou Barris,52,la Prosperitat,7 anys,191
2014,8,Nou Barris,53,la Trinitat Nova,7 anys,48
2014,8,Nou Barris,54,Torre Baró,7 anys,9
2014,8,Nou Barris,55,Ciutat Meridiana,7 anys,57
2014,8,Nou Barris,56,Vallbona,7 anys,14
2014,9,Sant Andreu,57,la Trinitat Vella,7 anys,68
2014,9,Sant Andreu,58,Baró de Viver,7 anys,18
2014,9,Sant Andreu,59,el Bon Pastor,7 anys,110
2014,9,Sant Andreu,60,Sant Andreu,7 anys,540
2014,9,Sant Andreu,61,la Sagrera,7 anys,243
2014,9,Sant Andreu,62,el Congrés i els Indians,7 anys,126
2014,9,Sant Andreu,63,Navas,7 anys,220
2014,10,Sant Martí,64,el Camp de l'Arpa del Clot,7 anys,370
2014,10,Sant Martí,65,el Clot,7 anys,244
2014,10,Sant Martí,66,el Parc i la Llacuna del Poblenou,7 anys,161
2014,10,Sant Martí,67,la Vila Olímpica del Poblenou,7 anys,140
2014,10,Sant Martí,68,el Poblenou,7 anys,316
2014,10,Sant Martí,69,Diagonal Mar i el Front Marítim del Poblenou,7 anys,142
2014,10,Sant Martí,70,el Besòs i el Maresme,7 anys,115
2014,10,Sant Martí,71,Provençals del Poblenou,7 anys,195
2014,10,Sant Martí,72,Sant Martí de Provençals,7 anys,200
2014,10,Sant Martí,73,la Verneda i la Pau,7 anys,240
2014,99,No consta,99,No consta,7 anys,20
2014,1,Ciutat Vella,1,el Raval,8 anys,239
2014,1,Ciutat Vella,2,el Barri Gòtic,8 anys,326
2014,1,Ciutat Vella,3,la Barceloneta,8 anys,156
2014,1,Ciutat Vella,4,"Sant Pere, Santa Caterina i la Ribera",8 anys,156
2014,2,Eixample,5,el Fort Pienc,8 anys,374
2014,2,Eixample,6,la Sagrada Família,8 anys,537
2014,2,Eixample,7,la Dreta de l'Eixample,8 anys,606
2014,2,Eixample,8,l'Antiga Esquerra de l'Eixample,8 anys,521
2014,2,Eixample,9,la Nova Esquerra de l'Eixample,8 anys,653
2014,2,Eixample,10,Sant Antoni,8 anys,353
2014,3,Sants-Montjuïc,11,el Poble Sec,8 anys,315
2014,3,Sants-Montjuïc,12,la Marina del Prat Vermell,8 anys,38
2014,3,Sants-Montjuïc,13,la Marina de Port,8 anys,294
2014,3,Sants-Montjuïc,14,la Font de la Guatlla,8 anys,109
2014,3,Sants-Montjuïc,15,Hostafrancs,8 anys,140
2014,3,Sants-Montjuïc,16,la Bordeta,8 anys,187
2014,3,Sants-Montjuïc,17,Sants - Badal,8 anys,226
2014,3,Sants-Montjuïc,18,Sants,8 anys,405
2014,4,Les Corts,19,les Corts,8 anys,642
2014,4,Les Corts,20,la Maternitat i Sant Ramon,8 anys,338
2014,4,Les Corts,21,Pedralbes,8 anys,219
2014,5,Sarrià-Sant Gervasi,22,"Vallvidrera, el Tibidabo i les Planes",8 anys,58
2014,5,Sarrià-Sant Gervasi,23,Sarrià,8 anys,383
2014,5,Sarrià-Sant Gervasi,24,les Tres Torres,8 anys,317
2014,5,Sarrià-Sant Gervasi,25,Sant Gervasi - la Bonanova,8 anys,462
2014,5,Sarrià-Sant Gervasi,26,Sant Gervasi - Galvany,8 anys,910
2014,5,Sarrià-Sant Gervasi,27,el Putxet i el Farró,8 anys,480
2014,6,Gràcia,28,Vallcarca i els Penitents,8 anys,213
2014,6,Gràcia,29,el Coll,8 anys,100
2014,6,Gràcia,30,la Salut,8 anys,191
2014,6,Gràcia,31,la Vila de Gràcia,8 anys,570
2014,6,Gràcia,32,el Camp d'en Grassot i Gràcia Nova,8 anys,422
2014,7,Horta-Guinardó,33,el Baix Guinardó,8 anys,295
2014,7,Horta-Guinardó,34,Can Baró,8 anys,122
2014,7,Horta-Guinardó,35,el Guinardó,8 anys,406
2014,7,Horta-Guinardó,36,la Font d'en Fargues,8 anys,143
2014,7,Horta-Guinardó,37,el Carmel,8 anys,356
2014,7,Horta-Guinardó,38,la Teixonera,8 anys,134
2014,7,Horta-Guinardó,39,Sant Genís dels Agudells,8 anys,66
2014,7,Horta-Guinardó,40,Montbau,8 anys,43
2014,7,Horta-Guinardó,41,la Vall d'Hebron,8 anys,50
2014,7,Horta-Guinardó,42,la Clota,8 anys,8
2014,7,Horta-Guinardó,43,Horta,8 anys,267
2014,8,Nou Barris,44,Vilapicina i la Torre Llobeta,8 anys,229
2014,8,Nou Barris,45,Porta,8 anys,156
2014,8,Nou Barris,46,el Turó de la Peira,8 anys,116
2014,8,Nou Barris,47,Can Peguera,8 anys,21
2014,8,Nou Barris,48,la Guineueta,8 anys,134
2014,8,Nou Barris,49,Canyelles,8 anys,53
2014,8,Nou Barris,50,les Roquetes,8 anys,108
2014,8,Nou Barris,51,Verdun,8 anys,71
2014,8,Nou Barris,52,la Prosperitat,8 anys,214
2014,8,Nou Barris,53,la Trinitat Nova,8 anys,44
2014,8,Nou Barris,54,Torre Baró,8 anys,21
2014,8,Nou Barris,55,Ciutat Meridiana,8 anys,44
2014,8,Nou Barris,56,Vallbona,8 anys,11
2014,9,Sant Andreu,57,la Trinitat Vella,8 anys,61
2014,9,Sant Andreu,58,Baró de Viver,8 anys,27
2014,9,Sant Andreu,59,el Bon Pastor,8 anys,96
2014,9,Sant Andreu,60,Sant Andreu,8 anys,519
2014,9,Sant Andreu,61,la Sagrera,8 anys,257
2014,9,Sant Andreu,62,el Congrés i els Indians,8 anys,117
2014,9,Sant Andreu,63,Navas,8 anys,209
2014,10,Sant Martí,64,el Camp de l'Arpa del Clot,8 anys,370
2014,10,Sant Martí,65,el Clot,8 anys,270
2014,10,Sant Martí,66,el Parc i la Llacuna del Poblenou,8 anys,166
2014,10,Sant Martí,67,la Vila Olímpica del Poblenou,8 anys,105
2014,10,Sant Martí,68,el Poblenou,8 anys,309
2014,10,Sant Martí,69,Diagonal Mar i el Front Marítim del Poblenou,8 anys,135
2014,10,Sant Martí,70,el Besòs i el Maresme,8 anys,96
2014,10,Sant Martí,71,Provençals del Poblenou,8 anys,161
2014,10,Sant Martí,72,Sant Martí de Provençals,8 anys,238
2014,10,Sant Martí,73,la Verneda i la Pau,8 anys,215
2014,99,No consta,99,No consta,8 anys,16
2014,1,Ciutat Vella,1,el Raval,9 anys,191
2014,1,Ciutat Vella,2,el Barri Gòtic,9 anys,251
2014,1,Ciutat Vella,3,la Barceloneta,9 anys,117
2014,1,Ciutat Vella,4,"Sant Pere, Santa Caterina i la Ribera",9 anys,159
2014,2,Eixample,5,el Fort Pienc,9 anys,274
2014,2,Eixample,6,la Sagrada Família,9 anys,444
2014,2,Eixample,7,la Dreta de l'Eixample,9 anys,577
2014,2,Eixample,8,l'Antiga Esquerra de l'Eixample,9 anys,457
2014,2,Eixample,9,la Nova Esquerra de l'Eixample,9 anys,589
2014,2,Eixample,10,Sant Antoni,9 anys,325
2014,3,Sants-Montjuïc,11,el Poble Sec,9 anys,278
2014,3,Sants-Montjuïc,12,la Marina del Prat Vermell,9 anys,31
2014,3,Sants-Montjuïc,13,la Marina de Port,9 anys,226
2014,3,Sants-Montjuïc,14,la Font de la Guatlla,9 anys,81
2014,3,Sants-Montjuïc,15,Hostafrancs,9 anys,119
2014,3,Sants-Montjuïc,16,la Bordeta,9 anys,144
2014,3,Sants-Montjuïc,17,Sants - Badal,9 anys,197
2014,3,Sants-Montjuïc,18,Sants,9 anys,337
2014,4,Les Corts,19,les Corts,9 anys,561
2014,4,Les Corts,20,la Maternitat i Sant Ramon,9 anys,306
2014,4,Les Corts,21,Pedralbes,9 anys,199
2014,5,Sarrià-Sant Gervasi,22,"Vallvidrera, el Tibidabo i les Planes",9 anys,51
2014,5,Sarrià-Sant Gervasi,23,Sarrià,9 anys,383
2014,5,Sarrià-Sant Gervasi,24,les Tres Torres,9 anys,295
2014,5,Sarrià-Sant Gervasi,25,Sant Gervasi - la Bonanova,9 anys,431
2014,5,Sarrià-Sant Gervasi,26,Sant Gervasi - Galvany,9 anys,794
2014,5,Sarrià-Sant Gervasi,27,el Putxet i el Farró,9 anys,430
2014,6,Gràcia,28,Vallcarca i els Penitents,9 anys,186
2014,6,Gràcia,29,el Coll,9 anys,72
2014,6,Gràcia,30,la Salut,9 anys,164
2014,6,Gràcia,31,la Vila de Gràcia,9 anys,514
2014,6,Gràcia,32,el Camp d'en Grassot i Gràcia Nova,9 anys,356
2014,7,Horta-Guinardó,33,el Baix Guinardó,9 anys,259
2014,7,Horta-Guinardó,34,Can Baró,9 anys,101
2014,7,Horta-Guinardó,35,el Guinardó,9 anys,336
2014,7,Horta-Guinardó,36,la Font d'en Fargues,9 anys,146
2014,7,Horta-Guinardó,37,el Carmel,9 anys,313
2014,7,Horta-Guinardó,38,la Teixonera,9 anys,109
2014,7,Horta-Guinardó,39,Sant Genís dels Agudells,9 anys,60
2014,7,Horta-Guinardó,40,Montbau,9 anys,30
2014,7,Horta-Guinardó,41,la Vall d'Hebron,9 anys,36
2014,7,Horta-Guinardó,42,la Clota,9 anys,3
2014,7,Horta-Guinardó,43,Horta,9 anys,252
2014,8,Nou Barris,44,Vilapicina i la Torre Llobeta,9 anys,185
2014,8,Nou Barris,45,Porta,9 anys,156
2014,8,Nou Barris,46,el Turó de la Peira,9 anys,97
2014,8,Nou Barris,47,Can Peguera,9 anys,17
2014,8,Nou Barris,48,la Guineueta,9 anys,101
2014,8,Nou Barris,49,Canyelles,9 anys,50
2014,8,Nou Barris,50,les Roquetes,9 anys,83
2014,8,Nou Barris,51,Verdun,9 anys,79
2014,8,Nou Barris,52,la Prosperitat,9 anys,173
2014,8,Nou Barris,53,la Trinitat Nova,9 anys,32
2014,8,Nou Barris,54,Torre Baró,9 anys,18
2014,8,Nou Barris,55,Ciutat Meridiana,9 anys,36
2014,8,Nou Barris,56,Vallbona,9 anys,8
2014,9,Sant Andreu,57,la Trinitat Vella,9 anys,50
2014,9,Sant Andreu,58,Baró de Viver,9 anys,20
2014,9,Sant Andreu,59,el Bon Pastor,9 anys,88
2014,9,Sant Andreu,60,Sant Andreu,9 anys,456
2014,9,Sant Andreu,61,la Sagrera,9 anys,219
2014,9,Sant Andreu,62,el Congrés i els Indians,9 anys,89
2014,9,Sant Andreu,63,Navas,9 anys,173
2014,10,Sant Martí,64,el Camp de l'Arpa del Clot,9 anys,313
2014,10,Sant Martí,65,el Clot,9 anys,224
2014,10,Sant Martí,66,el Parc i la Llacuna del Poblenou,9 anys,118
2014,10,Sant Martí,67,la Vila Olímpica del Poblenou,9 anys,87
2014,10,Sant Martí,68,el Poblenou,9 anys,302
2014,10,Sant Martí,69,Diagonal Mar i el Front Marítim del Poblenou,9 anys,103
2014,10,Sant Martí,70,el Besòs i el Maresme,9 anys,112
2014,10,Sant Martí,71,Provençals del Poblenou,9 anys,147
2014,10,Sant Martí,72,Sant Martí de Provençals,9 anys,171
2014,10,Sant Martí,73,la Verneda i la Pau,9 anys,177
2014,99,No consta,99,No consta,9 anys,17
2014,1,Ciutat Vella,1,el Raval,10 anys,110
2014,1,Ciutat Vella,2,el Barri Gòtic,10 anys,115
2014,1,Ciutat Vella,3,la Barceloneta,10 anys,66
2014,1,Ciutat Vella,4,"Sant Pere, Santa Caterina i la Ribera",10 anys,87
2014,2,Eixample,5,el Fort Pienc,10 anys,172
2014,2,Eixample,6,la Sagrada Família,10 anys,245
2014,2,Eixample,7,la Dreta de l'Eixample,10 anys,339
2014,2,Eixample,8,l'Antiga Esquerra de l'Eixample,10 anys,316
2014,2,Eixample,9,la Nova Esquerra de l'Eixample,10 anys,361
2014,2,Eixample,10,Sant Antoni,10 anys,198
2014,3,Sants-Montjuïc,11,el Poble Sec,10 anys,170
2014,3,Sants-Montjuïc,12,la Marina del Prat Vermell,10 anys,13
2014,3,Sants-Montjuïc,13,la Marina de Port,10 anys,119
2014,3,Sants-Montjuïc,14,la Font de la Guatlla,10 anys,57
2014,3,Sants-Montjuïc,15,Hostafrancs,10 anys,66
2014,3,Sants-Montjuïc,16,la Bordeta,10 anys,71
2014,3,Sants-Montjuïc,17,Sants - Badal,10 anys,101
2014,3,Sants-Montjuïc,18,Sants,10 anys,208
2014,4,Les Corts,19,les Corts,10 anys,346
2014,4,Les Corts,20,la Maternitat i Sant Ramon,10 anys,179
2014,4,Les Corts,21,Pedralbes,10 anys,142
2014,5,Sarrià-Sant Gervasi,22,"Vallvidrera, el Tibidabo i les Planes",10 anys,46
2014,5,Sarrià-Sant Gervasi,23,Sarrià,10 anys,248
2014,5,Sarrià-Sant Gervasi,24,les Tres Torres,10 anys,221
2014,5,Sarrià-Sant Gervasi,25,Sant Gervasi - la Bonanova,10 anys,314
2014,5,Sarrià-Sant Gervasi,26,Sant Gervasi - Galvany,10 anys,524
2014,5,Sarrià-Sant Gervasi,27,el Putxet i el Farró,10 anys,304
2014,6,Gràcia,28,Vallcarca i els Penitents,10 anys,125
2014,6,Gràcia,29,el Coll,10 anys,62
2014,6,Gràcia,30,la Salut,10 anys,93
2014,6,Gràcia,31,la Vila de Gràcia,10 anys,354
2014,6,Gràcia,32,el Camp d'en Grassot i Gràcia Nova,10 anys,242
2014,7,Horta-Guinardó,33,el Baix Guinardó,10 anys,151
2014,7,Horta-Guinardó,34,Can Baró,10 anys,43
2014,7,Horta-Guinardó,35,el Guinardó,10 anys,179
2014,7,Horta-Guinardó,36,la Font d'en Fargues,10 anys,93
2014,7,Horta-Guinardó,37,el Carmel,10 anys,193
2014,7,Horta-Guinardó,38,la Teixonera,10 anys,59
2014,7,Horta-Guinardó,39,Sant Genís dels Agudells,10 anys,50
2014,7,Horta-Guinardó,40,Montbau,10 anys,26
2014,7,Horta-Guinardó,41,la Vall d'Hebron,10 anys,25
2014,7,Horta-Guinardó,42,la Clota,10 anys,0
2014,7,Horta-Guinardó,43,Horta,10 anys,156
2014,8,Nou Barris,44,Vilapicina i la Torre Llobeta,10 anys,125
2014,8,Nou Barris,45,Porta,10 anys,85
2014,8,Nou Barris,46,el Turó de la Peira,10 anys,55
2014,8,Nou Barris,47,Can Peguera,10 anys,8
2014,8,Nou Barris,48,la Guineueta,10 anys,65
2014,8,Nou Barris,49,Canyelles,10 anys,23
2014,8,Nou Barris,50,les Roquetes,10 anys,59
2014,8,Nou Barris,51,Verdun,10 anys,34
2014,8,Nou Barris,52,la Prosperitat,10 anys,97
2014,8,Nou Barris,53,la Trinitat Nova,10 anys,24
2014,8,Nou Barris,54,Torre Baró,10 anys,11
2014,8,Nou Barris,55,Ciutat Meridiana,10 anys,17
2014,8,Nou Barris,56,Vallbona,10 anys,5
2014,9,Sant Andreu,57,la Trinitat Vella,10 anys,23
2014,9,Sant Andreu,58,Baró de Viver,10 anys,11
2014,9,Sant Andreu,59,el Bon Pastor,10 anys,52
2014,9,Sant Andreu,60,Sant Andreu,10 anys,260
2014,9,Sant Andreu,61,la Sagrera,10 anys,140
2014,9,Sant Andreu,62,el Congrés i els Indians,10 anys,46
2014,9,Sant Andreu,63,Navas,10 anys,76
2014,10,Sant Martí,64,el Camp de l'Arpa del Clot,10 anys,189
2014,10,Sant Martí,65,el Clot,10 anys,100
2014,10,Sant Martí,66,el Parc i la Llacuna del Poblenou,10 anys,69
2014,10,Sant Martí,67,la Vila Olímpica del Poblenou,10 anys,66
2014,10,Sant Martí,68,el Poblenou,10 anys,127
2014,10,Sant Martí,69,Diagonal Mar i el Front Marítim del Poblenou,10 anys,65
2014,10,Sant Martí,70,el Besòs i el Maresme,10 anys,43
2014,10,Sant Martí,71,Provençals del Poblenou,10 anys,83
2014,10,Sant Martí,72,Sant Martí de Provençals,10 anys,121
2014,10,Sant Martí,73,la Verneda i la Pau,10 anys,95
2014,99,No consta,99,No consta,10 anys,17
2014,1,Ciutat Vella,1,el Raval,D'11 a 20 anys,516
2014,1,Ciutat Vella,2,el Barri Gòtic,D'11 a 20 anys,620
2014,1,Ciutat Vella,3,la Barceloneta,D'11 a 20 anys,244
2014,1,Ciutat Vella,4,"Sant Pere, Santa Caterina i la Ribera",D'11 a 20 anys,434
2014,2,Eixample,5,el Fort Pienc,D'11 a 20 anys,729
2014,2,Eixample,6,la Sagrada Família,D'11 a 20 anys,1150
2014,2,Eixample,7,la Dreta de l'Eixample,D'11 a 20 anys,1618
2014,2,Eixample,8,l'Antiga Esquerra de l'Eixample,D'11 a 20 anys,1470
2014,2,Eixample,9,la Nova Esquerra de l'Eixample,D'11 a 20 anys,1557
2014,2,Eixample,10,Sant Antoni,D'11 a 20 anys,848
2014,3,Sants-Montjuïc,11,el Poble Sec,D'11 a 20 anys,746
2014,3,Sants-Montjuïc,12,la Marina del Prat Vermell,D'11 a 20 anys,42
2014,3,Sants-Montjuïc,13,la Marina de Port,D'11 a 20 anys,469
2014,3,Sants-Montjuïc,14,la Font de la Guatlla,D'11 a 20 anys,250
2014,3,Sants-Montjuïc,15,Hostafrancs,D'11 a 20 anys,308
2014,3,Sants-Montjuïc,16,la Bordeta,D'11 a 20 anys,380
2014,3,Sants-Montjuïc,17,Sants - Badal,D'11 a 20 anys,442
2014,3,Sants-Montjuïc,18,Sants,D'11 a 20 anys,902
2014,4,Les Corts,19,les Corts,D'11 a 20 anys,1368
2014,4,Les Corts,20,la Maternitat i Sant Ramon,D'11 a 20 anys,756
2014,4,Les Corts,21,Pedralbes,D'11 a 20 anys,641
2014,5,Sarrià-Sant Gervasi,22,"Vallvidrera, el Tibidabo i les Planes",D'11 a 20 anys,171
2014,5,Sarrià-Sant Gervasi,23,Sarrià,D'11 a 20 anys,1232
2014,5,Sarrià-Sant Gervasi,24,les Tres Torres,D'11 a 20 anys,940
2014,5,Sarrià-Sant Gervasi,25,Sant Gervasi - la Bonanova,D'11 a 20 anys,1333
2014,5,Sarrià-Sant Gervasi,26,Sant Gervasi - Galvany,D'11 a 20 anys,2943
2014,5,Sarrià-Sant Gervasi,27,el Putxet i el Farró,D'11 a 20 anys,1323
2014,6,Gràcia,28,Vallcarca i els Penitents,D'11 a 20 anys,541
2014,6,Gràcia,29,el Coll,D'11 a 20 anys,238
2014,6,Gràcia,30,la Salut,D'11 a 20 anys,469
2014,6,Gràcia,31,la Vila de Gràcia,D'11 a 20 anys,1441
2014,6,Gràcia,32,el Camp d'en Grassot i Gràcia Nova,D'11 a 20 anys,980
2014,7,Horta-Guinardó,33,el Baix Guinardó,D'11 a 20 anys,668
2014,7,Horta-Guinardó,34,Can Baró,D'11 a 20 anys,265
2014,7,Horta-Guinardó,35,el Guinardó,D'11 a 20 anys,880
2014,7,Horta-Guinardó,36,la Font d'en Fargues,D'11 a 20 anys,328
2014,7,Horta-Guinardó,37,el Carmel,D'11 a 20 anys,667
2014,7,Horta-Guinardó,38,la Teixonera,D'11 a 20 anys,252
2014,7,Horta-Guinardó,39,Sant Genís dels Agudells,D'11 a 20 anys,154
2014,7,Horta-Guinardó,40,Montbau,D'11 a 20 anys,83
2014,7,Horta-Guinardó,41,la Vall d'Hebron,D'11 a 20 anys,104
2014,7,Horta-Guinardó,42,la Clota,D'11 a 20 anys,6
2014,7,Horta-Guinardó,43,Horta,D'11 a 20 anys,584
2014,8,Nou Barris,44,Vilapicina i la Torre Llobeta,D'11 a 20 anys,448
2014,8,Nou Barris,45,Porta,D'11 a 20 anys,308
2014,8,Nou Barris,46,el Turó de la Peira,D'11 a 20 anys,166
2014,8,Nou Barris,47,Can Peguera,D'11 a 20 anys,38
2014,8,Nou Barris,48,la Guineueta,D'11 a 20 anys,226
2014,8,Nou Barris,49,Canyelles,D'11 a 20 anys,104
2014,8,Nou Barris,50,les Roquetes,D'11 a 20 anys,205
2014,8,Nou Barris,51,Verdun,D'11 a 20 anys,154
2014,8,Nou Barris,52,la Prosperitat,D'11 a 20 anys,322
2014,8,Nou Barris,53,la Trinitat Nova,D'11 a 20 anys,79
2014,8,Nou Barris,54,Torre Baró,D'11 a 20 anys,43
2014,8,Nou Barris,55,Ciutat Meridiana,D'11 a 20 anys,69
2014,8,Nou Barris,56,Vallbona,D'11 a 20 anys,17
2014,9,Sant Andreu,57,la Trinitat Vella,D'11 a 20 anys,105
2014,9,Sant Andreu,58,Baró de Viver,D'11 a 20 anys,22
2014,9,Sant Andreu,59,el Bon Pastor,D'11 a 20 anys,116
2014,9,Sant Andreu,60,Sant Andreu,D'11 a 20 anys,929
2014,9,Sant Andreu,61,la Sagrera,D'11 a 20 anys,499
2014,9,Sant Andreu,62,el Congrés i els Indians,D'11 a 20 anys,209
2014,9,Sant Andreu,63,Navas,D'11 a 20 anys,375
2014,10,Sant Martí,64,el Camp de l'Arpa del Clot,D'11 a 20 anys,737
2014,10,Sant Martí,65,el Clot,D'11 a 20 anys,465
2014,10,Sant Martí,66,el Parc i la Llacuna del Poblenou,D'11 a 20 anys,280
2014,10,Sant Martí,67,la Vila Olímpica del Poblenou,D'11 a 20 anys,253
2014,10,Sant Martí,68,el Poblenou,D'11 a 20 anys,524
2014,10,Sant Martí,69,Diagonal Mar i el Front Marítim del Poblenou,D'11 a 20 anys,153
2014,10,Sant Martí,70,el Besòs i el Maresme,D'11 a 20 anys,182
2014,10,Sant Martí,71,Provençals del Poblenou,D'11 a 20 anys,260
2014,10,Sant Martí,72,Sant Martí de Provençals,D'11 a 20 anys,424
2014,10,Sant Martí,73,la Verneda i la Pau,D'11 a 20 anys,344
2014,99,No consta,99,No consta,D'11 a 20 anys,139
2014,1,Ciutat Vella,1,el Raval,Més de 20 anys,400
2014,1,Ciutat Vella,2,el Barri Gòtic,Més de 20 anys,297
2014,1,Ciutat Vella,3,la Barceloneta,Més de 20 anys,148
2014,1,Ciutat Vella,4,"Sant Pere, Santa Caterina i la Ribera",Més de 20 anys,344
2014,2,Eixample,5,el Fort Pienc,Més de 20 anys,576
2014,2,Eixample,6,la Sagrada Família,Més de 20 anys,782
2014,2,Eixample,7,la Dreta de l'Eixample,Més de 20 anys,1321
2014,2,Eixample,8,l'Antiga Esquerra de l'Eixample,Més de 20 anys,1135
2014,2,Eixample,9,la Nova Esquerra de l'Eixample,Més de 20 anys,1154
2014,2,Eixample,10,Sant Antoni,Més de 20 anys,654
2014,3,Sants-Montjuïc,11,el Poble Sec,Més de 20 anys,530
2014,3,Sants-Montjuïc,12,la Marina del Prat Vermell,Més de 20 anys,23
2014,3,Sants-Montjuïc,13,la Marina de Port,Més de 20 anys,266
2014,3,Sants-Montjuïc,14,la Font de la Guatlla,Més de 20 anys,183
2014,3,Sants-Montjuïc,15,Hostafrancs,Més de 20 anys,203
2014,3,Sants-Montjuïc,16,la Bordeta,Més de 20 anys,232
2014,3,Sants-Montjuïc,17,Sants - Badal,Més de 20 anys,322
2014,3,Sants-Montjuïc,18,Sants,Més de 20 anys,649
2014,4,Les Corts,19,les Corts,Més de 20 anys,1175
2014,4,Les Corts,20,la Maternitat i Sant Ramon,Més de 20 anys,516
2014,4,Les Corts,21,Pedralbes,Més de 20 anys,597
2014,5,Sarrià-Sant Gervasi,22,"Vallvidrera, el Tibidabo i les Planes",Més de 20 anys,107
2014,5,Sarrià-Sant Gervasi,23,Sarrià,Més de 20 anys,997
2014,5,Sarrià-Sant Gervasi,24,les Tres Torres,Més de 20 anys,836
2014,5,Sarrià-Sant Gervasi,25,Sant Gervasi - la Bonanova,Més de 20 anys,1167
2014,5,Sarrià-Sant Gervasi,26,Sant Gervasi - Galvany,Més de 20 anys,2440
2014,5,Sarrià-Sant Gervasi,27,el Putxet i el Farró,Més de 20 anys,1071
2014,6,Gràcia,28,Vallcarca i els Penitents,Més de 20 anys,397
2014,6,Gràcia,29,el Coll,Més de 20 anys,150
2014,6,Gràcia,30,la Salut,Més de 20 anys,328
2014,6,Gràcia,31,la Vila de Gràcia,Més de 20 anys,1085
2014,6,Gràcia,32,el Camp d'en Grassot i Gràcia Nova,Més de 20 anys,714
2014,7,Horta-Guinardó,33,el Baix Guinardó,Més de 20 anys,459
2014,7,Horta-Guinardó,34,Can Baró,Més de 20 anys,181
2014,7,Horta-Guinardó,35,el Guinardó,Més de 20 anys,614
2014,7,Horta-Guinardó,36,la Font d'en Fargues,Més de 20 anys,238
2014,7,Horta-Guinardó,37,el Carmel,Més de 20 anys,387
2014,7,Horta-Guinardó,38,la Teixonera,Més de 20 anys,144
2014,7,Horta-Guinardó,39,Sant Genís dels Agudells,Més de 20 anys,80
2014,7,Horta-Guinardó,40,Montbau,Més de 20 anys,66
2014,7,Horta-Guinardó,41,la Vall d'Hebron,Més de 20 anys,73
2014,7,Horta-Guinardó,42,la Clota,Més de 20 anys,9
2014,7,Horta-Guinardó,43,Horta,Més de 20 anys,472
2014,8,Nou Barris,44,Vilapicina i la Torre Llobeta,Més de 20 anys,314
2014,8,Nou Barris,45,Porta,Més de 20 anys,251
2014,8,Nou Barris,46,el Turó de la Peira,Més de 20 anys,144
2014,8,Nou Barris,47,Can Peguera,Més de 20 anys,10
2014,8,Nou Barris,48,la Guineueta,Més de 20 anys,147
2014,8,Nou Barris,49,Canyelles,Més de 20 anys,59
2014,8,Nou Barris,50,les Roquetes,Més de 20 anys,125
2014,8,Nou Barris,51,Verdun,Més de 20 anys,101
2014,8,Nou Barris,52,la Prosperitat,Més de 20 anys,237
2014,8,Nou Barris,53,la Trinitat Nova,Més de 20 anys,36
2014,8,Nou Barris,54,Torre Baró,Més de 20 anys,14
2014,8,Nou Barris,55,Ciutat Meridiana,Més de 20 anys,49
2014,8,Nou Barris,56,Vallbona,Més de 20 anys,7
2014,9,Sant Andreu,57,la Trinitat Vella,Més de 20 anys,60
2014,9,Sant Andreu,58,Baró de Viver,Més de 20 anys,7
2014,9,Sant Andreu,59,el Bon Pastor,Més de 20 anys,88
2014,9,Sant Andreu,60,Sant Andreu,Més de 20 anys,615
2014,9,Sant Andreu,61,la Sagrera,Més de 20 anys,317
2014,9,Sant Andreu,62,el Congrés i els Indians,Més de 20 anys,189
2014,9,Sant Andreu,63,Navas,Més de 20 anys,345
2014,10,Sant Martí,64,el Camp de l'Arpa del Clot,Més de 20 anys,577
2014,10,Sant Martí,65,el Clot,Més de 20 anys,289
2014,10,Sant Martí,66,el Parc i la Llacuna del Poblenou,Més de 20 anys,221
2014,10,Sant Martí,67,la Vila Olímpica del Poblenou,Més de 20 anys,90
2014,10,Sant Martí,68,el Poblenou,Més de 20 anys,336
2014,10,Sant Martí,69,Diagonal Mar i el Front Marítim del Poblenou,Més de 20 anys,93
2014,10,Sant Martí,70,el Besòs i el Maresme,Més de 20 anys,143
2014,10,Sant Martí,71,Provençals del Poblenou,Més de 20 anys,168
2014,10,Sant Martí,72,Sant Martí de Provençals,Més de 20 anys,359
2014,10,Sant Martí,73,la Verneda i la Pau,Més de 20 anys,274
2014,99,No consta,99,No consta,Més de 20 anys,303
